[
  {
    "avatar": "https://www.flaticon.com/svg/static/icons/svg/763/763704.svg",
    "name": "Vova",
    "isOnline": true,
    "id": 1812
  },
  {
    "avatar": "https://www.flaticon.com/svg/static/icons/svg/1998/1998671.svg",
    "name": "Sara",
    "isOnline": false,
    "id": 1137
  },
  {
    "avatar": "https://www.flaticon.com/svg/static/icons/svg/1623/1623681.svg",
    "name": "Mike",
    "isOnline": true,
    "id": 1213
  },
  {
    "avatar": "https://www.flaticon.com/svg/static/icons/svg/2977/2977285.svg",
    "name": "Bob",
    "isOnline": true,
    "id": 1714
  },
  {
    "avatar": "https://www.flaticon.com/svg/static/icons/svg/1998/1998749.svg",
    "name": "Sveta",
    "isOnline": false,
    "id": 1284
  }
]
